{
	"class_name" : "PinholeCameraParameters",
	"extrinsic" : 
	[
		0.72223024618264065,
		0.1805657293695267,
		-0.66766719919149342,
		0.0,
		-0.29614966537567422,
		-0.79162407477960639,
		-0.53444054854324863,
		0.0,
		-0.62504307627301869,
		0.58371854656725042,
		-0.51826037008108028,
		0.0,
		0.99481247733026024,
		0.13669899421414478,
		20.726196242061256,
		1.0
	],
	"intrinsic" : 
	{
		"height" : 1016,
		"intrinsic_matrix" : 
		[
			879.88181024498977,
			0.0,
			0.0,
			0.0,
			879.88181024498977,
			0.0,
			959.5,
			507.5,
			1.0
		],
		"width" : 1920
	},
	"version_major" : 1,
	"version_minor" : 0
}